0,001d-fa7e-23fc
1,001d-faa8-82fb
2,001d-faa9-119f
3,009d-6b2a-54d6
4,009d-6b48-c6d2
5,009d-6b48-f80b
6,00b3-6268-69d7
7,00b3-6268-69d8
8,00b3-62ad-3897
9,00b3-62f3-30c2
10,00cd-fe43-f6f8
11,00db-7044-01bc
12,00db-7085-500f
13,00db-7086-8058
14,00ec-0a17-dd67
15,00ec-0a1c-007b
16,00ec-0ab8-c659
17,00ec-0af9-1aa7
18,044b-ed8b-8dbf
19,044f-4c2e-28d7
20,0479-7062-4034
21,04b1-67b7-43bc
22,04d1-3a61-51c4
23,04ea-560c-bb15
24,0c2c-54a4-f9ce
25,0c2c-54f1-3d4d
26,0c30-21f1-a426
27,0c51-0159-3dca
28,0c51-0163-e104
29,0c51-0164-a912
30,0c70-4a7e-5c3a
31,0c8f-ff94-c972
32,0cd7-4605-bbf5
33,0cd7-4605-bbf6
34,102a-b393-1bb9
35,102a-b3e0-24ba
36,1044-006b-be35
37,1094-bbf1-ee34
38,1098-c30c-fd8b
39,10b1-f830-eb80
40,10b1-f87e-9474
41,143c-c338-c104
42,145f-9408-7c5e
43,14a5-1a70-5bf2
44,14a5-1ae1-7ae3
45,14bd-6197-17fd
46,14bd-619d-c984
47,14c6-97ae-9fe9
48,14d0-0db3-5e53
49,14d1-1f18-6733
50,14d1-69f6-f7c2
51,1801-f149-e2c0
52,1801-f187-262a
53,1868-6a55-8cb3
54,18d2-763c-c1ef
55,18e2-9f57-d674
56,18f0-e424-6ab2
57,18f0-e437-10bc
58,18f0-e440-77a1
59,18f1-d882-a13a
60,18f1-d88d-93af
61,18f1-d894-9fc3
62,18f1-d89b-5e26
63,18f1-d8ab-7b32
64,18f1-d8e5-912a
65,18f6-4331-c90f
66,1a82-5beb-15c3
67,1c15-1f51-efea
68,1c36-bbc6-53fa
69,1c36-bbce-3a01
70,1c91-4849-77b1
71,1cda-272c-cd9c
72,2034-fb9f-53b4
73,203c-ae4c-b604
74,2047-da87-f2e8
75,2047-da88-9124
76,2047-da8a-aef6
77,2047-da97-1680
78,2047-da99-56c4
79,2047-da99-90f0
80,2047-daa5-bcea
81,2047-daba-2456
82,2047-daee-d008
83,205d-47a8-e885
84,205d-47f8-16d1
85,2082-c096-d90f
86,2082-c0ae-d90f
87,20a2-e408-91bf
88,20a6-800b-b62c
89,20ab-377c-9fbc
90,20ab-378e-4067
91,20ab-37d7-aaa7
92,20ee-28c6-8926
93,2431-5456-c207
94,2431-5480-f144
95,245b-a70d-a396
96,24da-3303-a0cf
97,24da-330a-2545
98,24da-33b3-6e8f
99,24df-6a8a-8aad
100,24e3-1447-e142
101,24f6-7721-f0ab
102,24f6-774a-c169
103,24fb-6503-d963
104,24fb-654d-3ee1
105,2818-78c9-cf61
106,2818-78ce-945d
107,28a0-2b61-6951
108,28ed-6aa1-6f93
109,28ed-e047-38a1
110,28f0-7656-0f7a
111,28ff-3c5c-2d34
112,2c20-0b2a-6e8d
113,2c57-3180-68d8
114,2c5d-3415-cf97
115,2c61-f64b-283a
116,2c61-f6a9-f863
117,2c6e-85e4-4bcf
118,2c6e-85e4-6650
119,2ca9-f002-2731
120,2cf0-a202-f356
121,2cf0-a20b-71dc
122,2cf0-a23d-18a4
123,2cf0-a28c-d7fb
124,2cfd-ab94-5fde
125,2cfd-abee-03b4
126,3035-ad4d-c036
127,3045-960b-76c3
128,3045-9628-6433
129,3063-6bea-9e61
130,3074-969c-d882
131,309c-232e-9deb
132,30a1-fa25-f322
133,30a1-fa3a-ce48
134,30a1-fa6c-af84
135,30a1-fac3-66f1
136,30d9-d936-749e
137,3408-bc19-5ec3
138,3408-bc57-c62a
139,3408-bc93-4d07
140,3408-bcc3-00e5
141,3412-f903-fd59
142,3412-f9d3-3d86
143,3429-1252-b42a
144,3429-1252-b757
145,344d-f778-1798
146,347c-254d-d3dc
147,347c-2581-e752
148,3480-b3f0-9c04
149,3487-3d15-4e0b
150,3487-3d4e-c113
151,3487-3d4e-c166
152,3487-3db8-3e16
153,3487-3df1-059c
154,34d7-129a-fa9e
155,381c-4a84-def8
156,381c-4a88-137c
157,381c-4a88-13b4
158,381c-4a88-1413
159,381c-4a88-1574
160,381c-4a88-1e85
161,3829-5ad3-ef1d
162,3853-9c38-87c8
163,3853-9c61-e0f0
164,3853-9c6e-3b26
165,3853-9c6e-dac0
166,3853-9c76-30ae
167,3853-9cdd-0a17
168,3853-9ce2-9400
169,3853-9ce5-6b69
170,3853-9ce7-5f65
171,3853-9ce8-9aab
172,3853-9cee-6c3a
173,3871-de0d-28b7
174,38a4-edb3-81c6
175,38b1-db98-53fd
176,38b1-db98-5431
177,38bc-1a22-67e8
178,38bc-1a39-ef29
179,38bc-1ac3-388c
180,38bc-1aca-c89c
181,38bc-1ad2-ac32
182,38bc-1ad8-debe
183,38bc-1ae6-646a
184,38e6-0a85-ec18
185,38f9-d3b3-401e
186,38f9-d3b9-9329
187,3c2e-f910-cd30
188,3c2e-f987-c191
189,3ca5-819c-5153
190,3ca6-1625-7da2
191,3ca6-1690-e658
192,3cb6-b79d-d366
193,3cb6-b79d-d96c
194,3cd0-f8e5-8007
195,3cfa-4302-aaf6
196,3cfa-4327-6dae
197,3e94-caf3-b023
198,4026-193c-6728
199,4026-1998-3372
200,4026-19a4-6740
201,4033-1a7f-ca07
202,4033-1a88-7d14
203,4033-1aa5-a305
204,404d-7fbd-a093
205,409c-28a8-1e79
206,40bc-606b-cccc
207,40bc-6075-2f45
208,4400-105e-9bc7
209,4400-1079-9f95
210,4400-107a-ca40
211,4400-1097-55f5
212,4404-4403-9382
213,4404-44a3-91b4
214,4404-44bb-5fb2
215,4437-e697-ca84
216,4439-c450-ef52
217,4466-fc86-1df7
218,446e-e579-6fd0
219,4480-eb5e-ebac
220,44c3-4615-4714
221,44c3-46a2-a069
222,44c3-46ed-2f25
223,4801-c503-7043
224,4813-f301-0169
225,482c-a05f-0f6a
226,482c-a0d2-06e0
227,482c-a0f5-5f47
228,483b-3848-04e7
229,483b-3881-7fd6
230,483b-3896-e357
231,4843-7cb1-8898
232,4887-6432-8aeb
233,4895-07ed-1c75
234,48a1-95a1-58f6
235,48a1-95a5-7f46
236,48a1-95de-7be1
237,48a9-1c3b-3386
238,48db-502e-f082
239,48db-5071-f594
240,48e9-f18f-8dc7
241,4c32-7574-d13d
242,4c49-e31c-8526
243,4c49-e3c4-161d
244,4c49-e3e9-9be5
245,4c49-e3ea-35dd
246,4c56-9d04-f2e0
247,4c56-9d87-db77
248,4c57-caac-c1f8
249,4c66-414d-70c9
250,4c7c-5f79-7ee3
251,4cc0-0a00-ae07
252,4ccc-6ac4-e150
253,4cd1-a1a6-c54e
254,5001-d927-bd5c
255,5004-b800-c636
256,501a-c512-5162
257,501a-c512-52a4
258,508f-4ce6-0f3a
259,508f-4cea-f8c0
260,508f-4cff-6326
261,5425-ea51-daab
262,5425-ea9d-0e08
263,5433-cb4b-4c9b
264,5433-cb99-536c
265,5433-cb9b-dd22
266,5433-cb9e-473a
267,544e-9074-be36
268,54b1-21a1-f221
269,581f-2899-16bf
270,581f-289a-06c9
271,5844-981f-fab3
272,5844-98ba-441a
273,587f-5744-83c7
274,587f-57e2-be9a
275,58c6-f065-506b
276,58c6-f0c3-1b7f
277,5c03-3997-baae
278,5c1d-d959-ccb0
279,5c1d-d98c-4987
280,5c1d-d9cf-aa69
281,5c96-9d23-7ad0
282,5c97-f3e4-659e
283,5ca8-6a22-18e7
284,5cad-cf45-0dbc
285,5cad-cf97-c207
286,6014-6620-fd5d
287,6083-3433-da36
288,60a3-7d23-7573
289,60ab-67f5-00f8
290,60ab-67fc-74d0
291,60f1-89e0-2ff6
292,645a-ed28-6e24
293,645a-ed29-5e39
294,649a-be72-a996
295,649a-beec-4f0b
296,64a2-f924-1494
297,64a2-f946-cb36
298,64a2-f99e-c59e
299,64a2-f9b3-0415
300,64b0-a68a-22be
301,64b0-a69a-3211
302,64b0-a6a6-2ade
303,64b0-a6d5-6a7a
304,64cc-2ed5-b7f3
305,64cc-2edc-b270
306,683e-3472-7d59
307,683e-34a4-b28a
308,683e-34ce-c7e6
309,683e-34d6-65ed
310,683e-34d8-de78
311,6896-7bdf-d7d4
312,68a0-3e03-75d6
313,68a0-3e03-82f7
314,68a0-3e54-654c
315,68a0-f688-00e6
316,68ab-1eaa-07df
317,68ef-4335-c4d1
318,68fe-f782-520c
319,68fe-f7e3-aada
320,6c0b-8406-b97b
321,6c0b-8409-6cba
322,6c40-0801-a997
323,6c4d-7342-9ec4
324,6c4d-735d-3cdc
325,6c4d-7367-5fa8
326,6c4d-736d-542f
327,6c5c-141b-601f
328,6c5c-143b-3d52
329,6c72-e712-5383
330,6c72-e739-22fa
331,6c72-e75b-48ce
332,6c72-e7f0-0c59
333,6c8d-c190-6f65
334,6c8d-c1ee-c318
335,6cab-3197-faac
336,6cab-31ce-5db8
337,6cab-31db-b010
338,6cab-31e0-7a7d
339,6cab-31e7-6d10
340,6cb7-4908-e48d
341,6cb7-4997-2eb0
342,6cb7-49c1-ac85
343,6ce8-5c2a-f24d
344,6ce8-5c2f-a73f
345,6ce8-5c36-1e3a
346,6ce8-5c36-7620
347,6ce8-5c3a-0ca7
348,7011-248f-0b60
349,701d-0801-58d0
350,702e-d927-2794
351,702e-d927-be20
352,703a-5189-b11e
353,703c-693f-49d4
354,703c-6947-a266
355,703c-6997-a892
356,7048-0f3b-250e
357,7081-eb09-ec09
358,7081-eb7a-c350
359,70ec-e4c0-d082
360,70ef-0028-3b4c
361,70ef-0035-6bab
362,70ef-0052-0ca2
363,70ef-0065-9af7
364,70ef-0066-0d63
365,70ef-00b0-802a
366,70ef-00c5-f3e1
367,70ef-00d4-ef67
368,70ef-00da-3fec
369,7423-44b0-3231
370,7423-44f6-2369
371,7451-ba61-5ba7
372,7460-fa0c-5e08
373,7460-fafd-76fb
374,74ac-5ff9-5bda
375,74ac-5ff9-d596
376,74b5-877a-f0c9
377,74b5-87d9-04f9
378,74b5-87d9-6622
379,74c1-4fc0-06da
380,74d2-1d11-684f
381,74d2-1d65-2f20
382,74d2-1db0-ad8b
383,74d2-1dd5-44e3
384,7802-f8a3-b0c3
385,7802-f8ff-d008
386,784f-43bb-358f
387,7862-5666-856d
388,787b-8af0-0362
389,789f-70d3-d01e
390,7c03-5ef1-a4e2
391,7c03-5efa-d30a
392,7c03-5efb-487d
393,7c03-5efb-6339
394,7c04-d019-85ba
395,7c1d-d96b-8141
396,7c76-680c-bcf7
397,7c76-6828-cc7a
398,7c76-68b4-09bc
399,7ca1-77d5-574b
400,8035-c162-5f12
401,808a-8bfc-5ac7
402,80e6-5018-1aa0
403,80ed-2c7b-43c2
404,80fb-f011-ab0f
405,80fb-f011-bcd5
406,80fb-f020-cedd
407,80fb-f020-cef2
408,80fb-f020-cf49
409,8441-677e-ca2e
410,8441-67e4-057d
411,846f-cecb-e789
412,848e-0ce1-c558
413,848e-0ce2-22a6
414,849f-b566-12d5
415,849f-b59e-fbe7
416,84a1-3435-3ca9
417,84a1-34a7-fa66
418,84be-5224-3872
419,863d-4c43-b8bd
420,8810-8f22-ac64
421,8810-8fcf-de83
422,8811-96a7-33fa
423,8819-0820-b5da
424,8819-082f-4dd9
425,8819-089f-0bd2
426,8840-3bd2-7861
427,885a-0697-1ddf
428,885a-06c4-b447
429,885a-06c4-b601
430,8863-df52-d20b
431,8866-a587-f764
432,886b-6ee5-f318
433,886b-6ee6-1170
434,88ae-07ad-f7fe
435,8c0d-7662-189d
436,8c0d-76c2-61cd
437,8c0d-76f6-e90e
438,8c0e-e37d-4de3
439,8c25-0501-6b2a
440,8c25-0514-5316
441,8c25-0514-53f6
442,8c25-0597-1dc1
443,8c25-05e7-f3cd
444,8c34-fd6a-9101
445,8c45-00b8-bad7
446,8c85-90ac-bb6b
447,8c8e-f293-22a9
448,8ceb-c608-8240
449,902b-d21d-ecf8
450,902b-d26f-125b
451,902b-d288-2af1
452,902b-d298-b0a0
453,902b-d2c8-06d5
454,902b-d2fa-f769
455,9060-f127-c946
456,9094-97ea-17e7
457,90b9-3162-e820
458,90c5-4ad4-a695
459,90dd-5d4d-3568
460,90dd-5d83-8e10
461,90dd-5d85-5ffc
462,90f0-5204-e80f
463,90f0-5259-eb67
464,90f0-525d-f405
465,90f0-526a-ddf2
466,90f0-526d-bcfb
467,90f0-5271-b39e
468,940e-6bf4-c4e9
469,9465-2d47-f591
470,9465-2d85-80fe
471,9465-2dad-8742
472,9465-2db2-fbf2
473,9487-e01b-1328
474,9487-e01b-3b65
475,9487-e01c-a57f
476,9487-e01d-0756
477,9487-e01e-3cbb
478,9487-e021-49f2
479,9487-e021-66a0
480,9487-e02e-6483
481,9487-e03b-677b
482,9487-e044-8c17
483,9487-e052-0856
484,9487-e059-bb9f
485,9487-e06a-c947
486,9492-bc20-6952
487,94bf-2d41-a17e
488,94bf-2d56-6ca7
489,94bf-2d65-b1d7
490,94bf-2dad-519c
491,94bf-2dbb-6f28
492,94d0-0d24-6545
493,94d0-290b-2085
494,94d0-29a0-f64d
495,94d0-29c9-b5d5
496,94f6-d627-84fc
497,94f6-d62e-f9a4
498,94f6-d630-f5da
499,94f6-d639-1449
500,94f6-d652-38b9
501,94fb-293c-aa4d
502,9800-c69a-72a8
503,9800-c6a5-8907
504,9801-a74a-ba0f
505,9809-cf0a-8b27
506,9809-cf84-b7ce
507,9810-e862-e563
